{
  "intrisic_mtx": {
    "rows": 3,
    "cols": 3,
    "data": [
      5.5878411903942083e2, 0, 3.3857552471167537e2, 0, 5.6141734998078994e2,
      2.2346708216620848e2, 0, 0, 1
    ]
  },
  "dist_coefs": {
    "rows": 1,
    "cols": 5,
    "data": [
      -2.0773095686139109e-1, 4.9836967892873058e-1, -4.073565055094861e-4,
      6.0969451529150984e-3, -6.0928423273425036e-1
    ]
  }
}
